{
  "flights": [
    {
      "title": "Saerch Flight",
      "date": "20-07-2021",
      "name": "Indian Airlines",
      "price": "2000/-",
      "availability": "13",
      "id": 2
    },
    {
      "title": "Saerch Flight",
      "date": "23-07-2021",
      "name": "AirAsia India",
      "price": "2500/-",
      "availability": "04",
      "id": 3
    },
    {
      "title": "Saerch Flight",
      "date": "25-07-2021",
      "name": "TruJet",
      "price": "1900/-",
      "availability": "40",
      "id": 4
    },
    {
      "title": "Saerch Flight",
      "date": "24-07-2021",
      "name": "Jet Airlines",
      "price": "3000/-",
      "availability": "50",
      "id": 7
    }
  ]
}